gid,id,entidad,distrito,tipo,control,geometry1_,ent_nom,WIKIDATA,name_es,name_en,MS_FB_PARE,MS_FB
1,1.000000000000000,1.0,1.0,9,0.000000000000000,,AGUASCALIENTES,Q3790175,I distrito electoral federal de Aguascalientes,1st federal electoral district of Aguascalientes,country:mx/state:agu,country:mx/state:agu/fed:1
2,2.000000000000000,1.0,2.0,7,0.000000000000000,,AGUASCALIENTES,Q543822,II distrito electoral federal de Aguascalientes,2nd federal electoral district of Aguascalientes,country:mx/state:agu,country:mx/state:agu/fed:2
3,3.000000000000000,1.0,3.0,7,0.000000000000000,,AGUASCALIENTES,Q3788559,III distrito electoral federal de Aguascalientes,3rd federal electoral district of Aguascalientes,country:mx/state:agu,country:mx/state:agu/fed:3
1,1.000000000000000,2.0,1.0,8,0.000000000000000,,BAJA CALIFORNIA,Q5452996,I distrito electoral federal de Baja California,1st federal electoral district of Baja California,country:mx/state:bcn,country:mx/state:bcn/fed:1
2,2.000000000000000,2.0,2.0,7,0.000000000000000,,BAJA CALIFORNIA,Q11682778,II distrito electoral federal de Baja California,2nd federal electoral district of Baja California,country:mx/state:bcn,country:mx/state:bcn/fed:2
3,3.000000000000000,2.0,3.0,11,0.000000000000000,,BAJA CALIFORNIA,Q5906850,III distrito electoral federal de Baja California,3rd federal electoral district of Baja California,country:mx/state:bcn,country:mx/state:bcn/fed:3
4,4.000000000000000,2.0,4.0,7,0.000000000000000,,BAJA CALIFORNIA,Q5907277,IV distrito electoral federal de Baja California,4th federal electoral district of Baja California,country:mx/state:bcn,country:mx/state:bcn/fed:4
5,5.000000000000000,2.0,5.0,7,0.000000000000000,,BAJA CALIFORNIA,Q5447516,V distrito electoral federal de Baja California,5th federal electoral district of Baja California,country:mx/state:bcn,country:mx/state:bcn/fed:5
6,6.000000000000000,2.0,6.0,7,0.000000000000000,,BAJA CALIFORNIA,Q6158413,VI distrito electoral federal de Baja California,6th federal electoral district of Baja California,country:mx/state:bcn,country:mx/state:bcn/fed:6
7,7.000000000000000,2.0,7.0,9,0.000000000000000,,BAJA CALIFORNIA,Q6158385,VII distrito electoral federal de Baja California,7th federal electoral district of Baja California,country:mx/state:bcn,country:mx/state:bcn/fed:7
8,8.000000000000000,2.0,8.0,7,0.000000000000000,,BAJA CALIFORNIA,Q6158368,VIII distrito electoral federal de Baja California,8th federal electoral district of Baja California,country:mx/state:bcn,country:mx/state:bcn/fed:8
1,1.000000000000000,3.0,1.0,4,0.000000000000000,,BAJA CALIFORNIA SUR,Q5452997,I distrito electoral federal de Baja California Sur,1st federal electoral district of Baja California Sur,country:mx/state:bcs,country:mx/state:bcs/fed:1
2,2.000000000000000,3.0,2.0,4,0.000000000000000,,BAJA CALIFORNIA SUR,Q7443284,II distrito electoral federal de Baja California Sur,2nd federal electoral district of Baja California Sur,country:mx/state:bcs,country:mx/state:bcs/fed:2
3,1.000000000000000,4.0,1.0,10,0.000000000000000,,CAMPECHE,Q5452998,I distrito electoral federal de Campeche,1st federal electoral district of Campeche,country:mx/state:cam,country:mx/state:cam/fed:1
4,2.000000000000000,4.0,2.0,12,0.000000000000000,,CAMPECHE,Q508123,II distrito electoral federal de Campeche,2nd federal electoral district of Campeche,country:mx/state:cam,country:mx/state:cam/fed:2
1,1.000000000000000,5.0,1.0,10,0.000000000000000,,COAHUILA,Q5453001,I distrito electoral federal de Coahuila,1st federal electoral district of Coahuila,country:mx/state:coa,country:mx/state:coa/fed:1
2,2.000000000000000,5.0,2.0,13,0.000000000000000,,COAHUILA,Q7443286,II distrito electoral federal de Coahuila,2nd federal electoral district of Coahuila,country:mx/state:coa,country:mx/state:coa/fed:2
3,3.000000000000000,5.0,3.0,11,0.000000000000000,,COAHUILA,Q7784847,III distrito electoral federal de Coahuila,3rd federal electoral district of Coahuila,country:mx/state:coa,country:mx/state:coa/fed:3
4,4.000000000000000,5.0,4.0,7,0.000000000000000,,COAHUILA,Q5476083,IV distrito electoral federal de Coahuila,4th federal electoral district of Coahuila,country:mx/state:coa,country:mx/state:coa/fed:4
5,5.000000000000000,5.0,5.0,9,0.000000000000000,,COAHUILA,Q5447520,V distrito electoral federal de Coahuila,5th federal electoral district of Coahuila,country:mx/state:coa,country:mx/state:coa/fed:5
6,6.000000000000000,5.0,6.0,7,0.000000000000000,,COAHUILA,Q7533146,VI distrito electoral federal de Coahuila,6th federal electoral district of Coahuila,country:mx/state:coa,country:mx/state:coa/fed:6
7,7.000000000000000,5.0,7.0,8,0.000000000000000,,COAHUILA,Q7457721,VII distrito electoral federal de Coahuila,7th federal electoral district of Coahuila,country:mx/state:coa,country:mx/state:coa/fed:7
1,1.000000000000000,6.0,1.0,8,0.000000000000000,,COLIMA,Q5453004,I distrito electoral federal de Colima,1st federal electoral district of Colima,country:mx/state:col,country:mx/state:col/fed:1
2,2.000000000000000,6.0,2.0,9,0.000000000000000,,COLIMA,Q9006391,II distrito electoral federal de Colima,2nd federal electoral district of Colima,country:mx/state:col,country:mx/state:col/fed:2
1,1.000000000000000,7.0,1.0,11,0.000000000000000,,CHIAPAS,Q5452999,I distrito electoral federal de Chiapas,1st federal electoral district of Chiapas,country:mx/state:chp,country:mx/state:chp/fed:1
2,2.000000000000000,7.0,2.0,10,0.000000000000000,,CHIAPAS,Q7443285,II distrito electoral federal de Chiapas,2nd federal electoral district of Chiapas,country:mx/state:chp,country:mx/state:chp/fed:2
3,3.000000000000000,7.0,3.0,12,0.000000000000000,,CHIAPAS,Q7784845,III distrito electoral federal de Chiapas,3rd federal electoral district of Chiapas,country:mx/state:chp,country:mx/state:chp/fed:3
4,4.000000000000000,7.0,4.0,11,0.000000000000000,,CHIAPAS,Q5555316,IV distrito electoral federal de Chiapas,4th federal electoral district of Chiapas,country:mx/state:chp,country:mx/state:chp/fed:4
5,5.000000000000000,7.0,5.0,9,0.000000000000000,,CHIAPAS,Q5447518,V distrito electoral federal de Chiapas,5th federal electoral district of Chiapas,country:mx/state:chp,country:mx/state:chp/fed:5
6,6.000000000000000,7.0,6.0,9,0.000000000000000,,CHIAPAS,Q7533144,VI distrito electoral federal de Chiapas,6th federal electoral district of Chiapas,country:mx/state:chp,country:mx/state:chp/fed:6
7,7.000000000000000,7.0,7.0,11,0.000000000000000,,CHIAPAS,Q7457718,VII distrito electoral federal de Chiapas,7th federal electoral district of Chiapas,country:mx/state:chp,country:mx/state:chp/fed:7
8,8.000000000000000,7.0,8.0,10,0.000000000000000,,CHIAPAS,Q5349105,VIII distrito electoral federal de Chiapas,8th federal electoral district of Chiapas,country:mx/state:chp,country:mx/state:chp/fed:8
9,9.000000000000000,7.0,9.0,7,0.000000000000000,,CHIAPAS,Q973194,IX distrito electoral federal de Chiapas,9th federal electoral district of Chiapas,country:mx/state:chp,country:mx/state:chp/fed:9
10,10.000000000000000,7.0,10.0,12,0.000000000000000,,CHIAPAS,Q2889284,X distrito electoral federal de Chiapas,10th federal electoral district of Chiapas,country:mx/state:chp,country:mx/state:chp/fed:10
11,11.000000000000000,7.0,11.0,10,0.000000000000000,,CHIAPAS,Q5359803,XI distrito electoral federal de Chiapas,11th federal electoral district of Chiapas,country:mx/state:chp,country:mx/state:chp/fed:11
12,12.000000000000000,7.0,12.0,8,0.000000000000000,,CHIAPAS,Q7857549,XII distrito electoral federal de Chiapas,12th federal electoral district of Chiapas,country:mx/state:chp,country:mx/state:chp/fed:12
13,13.000000000000000,7.0,13.0,0,0.000000000000000,,CHIAPAS,Q53501693,XIII distrito electoral federal de Chiapas,13th federal electoral district of Chiapas,country:mx/state:chp,country:mx/state:chp/fed:13
1,1.000000000000000,8.0,1.0,11,0.000000000000000,,CHIHUAHUA,Q5453000,I distrito electoral federal de Chihuahua,1st federal electoral district of Chihuahua,country:mx/state:chh,country:mx/state:chh/fed:1
2,2.000000000000000,8.0,2.0,7,0.000000000000000,,CHIHUAHUA,Q5560537,II distrito electoral federal de Chihuahua,2nd federal electoral district of Chihuahua,country:mx/state:chh,country:mx/state:chh/fed:2
3,3.000000000000000,8.0,3.0,7,0.000000000000000,,CHIHUAHUA,Q7784846,III distrito electoral federal de Chihuahua,3rd federal electoral district of Chihuahua,country:mx/state:chh,country:mx/state:chh/fed:3
4,4.000000000000000,8.0,4.0,7,0.000000000000000,,CHIHUAHUA,Q2882789,IV distrito electoral federal de Chihuahua,4th federal electoral district of Chihuahua,country:mx/state:chh,country:mx/state:chh/fed:4
5,5.000000000000000,8.0,5.0,13,0.000000000000000,,CHIHUAHUA,Q5447519,V distrito electoral federal de Chihuahua,5th federal electoral district of Chihuahua,country:mx/state:chh,country:mx/state:chh/fed:5
6,6.000000000000000,8.0,6.0,7,0.000000000000000,,CHIHUAHUA,Q5490601,VI distrito electoral federal de Chihuahua,6th federal electoral district of Chihuahua,country:mx/state:chh,country:mx/state:chh/fed:6
7,7.000000000000000,8.0,7.0,13,0.000000000000000,,CHIHUAHUA,Q7457719,VII distrito electoral federal de Chihuahua,7th federal electoral district of Chihuahua,country:mx/state:chh,country:mx/state:chh/fed:7
8,8.000000000000000,8.0,8.0,8,0.000000000000000,,CHIHUAHUA,Q5349106,VIII distrito electoral federal de Chihuahua,8th federal electoral district of Chihuahua,country:mx/state:chh,country:mx/state:chh/fed:8
9,9.000000000000000,8.0,9.0,4,0.000000000000000,,CHIHUAHUA,Q7039204,IX distrito electoral federal de Chihuahua,9th federal electoral district of Chihuahua,country:mx/state:chh,country:mx/state:chh/fed:9
1,1.000000000000000,9.0,1.0,6,0.000000000000000,,DISTRITO FEDERAL,Q5453006,I distrito electoral federal de Distrito Federal,1st federal electoral district of the Federal District,country:mx/federal-district:cmx,country:mx/federal-district:cmx/fed:1
2,2.000000000000000,9.0,2.0,7,0.000000000000000,,DISTRITO FEDERAL,Q7443292,II distrito electoral federal de Distrito Federal,2nd federal electoral district of the Federal District,country:mx/federal-district:cmx,country:mx/federal-district:cmx/fed:2
3,3.000000000000000,9.0,3.0,6,0.000000000000000,,DISTRITO FEDERAL,Q5485352,III distrito electoral federal de Distrito Federal,3rd federal electoral district of the Federal District,country:mx/federal-district:cmx,country:mx/federal-district:cmx/fed:3
4,4.000000000000000,9.0,4.0,6,0.000000000000000,,DISTRITO FEDERAL,Q5476091,IV distrito electoral federal de Distrito Federal,4th federal electoral district of the Federal District,country:mx/federal-district:cmx,country:mx/federal-district:cmx/fed:4
5,5.000000000000000,9.0,5.0,7,0.000000000000000,,DISTRITO FEDERAL,Q5447524,V distrito electoral federal de Distrito Federal,5th federal electoral district of the Federal District,country:mx/federal-district:cmx,country:mx/federal-district:cmx/fed:5
6,6.000000000000000,9.0,6.0,6,0.000000000000000,,DISTRITO FEDERAL,Q5400050,VI distrito electoral federal de Distrito Federal,6th federal electoral district of the Federal District,country:mx/federal-district:cmx,country:mx/federal-district:cmx/fed:6
7,7.000000000000000,9.0,7.0,2,0.000000000000000,,DISTRITO FEDERAL,Q7457723,VII distrito electoral federal de Distrito Federal,7th federal electoral district of the Federal District,country:mx/federal-district:cmx,country:mx/federal-district:cmx/fed:7
8,8.000000000000000,9.0,8.0,6,0.000000000000000,,DISTRITO FEDERAL,Q5349107,VIII distrito electoral federal de Distrito Federal,8th federal electoral district of the Federal District,country:mx/federal-district:cmx,country:mx/federal-district:cmx/fed:8
9,9.000000000000000,9.0,9.0,6,0.000000000000000,,DISTRITO FEDERAL,Q7039207,IX distrito electoral federal de Distrito Federal,9th federal electoral district of the Federal District,country:mx/federal-district:cmx,country:mx/federal-district:cmx/fed:9
10,10.000000000000000,9.0,10.0,7,0.000000000000000,,DISTRITO FEDERAL,Q7700861,X distrito electoral federal de Distrito Federal,10th federal electoral district of the Federal District,country:mx/federal-district:cmx,country:mx/federal-district:cmx/fed:10
11,11.000000000000000,9.0,11.0,2,0.000000000000000,,DISTRITO FEDERAL,Q5359804,XI distrito electoral federal de Distrito Federal,11th federal electoral district of the Federal District,country:mx/federal-district:cmx,country:mx/federal-district:cmx/fed:11
12,12.000000000000000,9.0,12.0,6,0.000000000000000,,DISTRITO FEDERAL,Q5810179,XII distrito electoral federal de Distrito Federal,12th federal electoral district of the Federal District,country:mx/federal-district:cmx,country:mx/federal-district:cmx/fed:12
13,13.000000000000000,9.0,13.0,6,0.000000000000000,,DISTRITO FEDERAL,Q7785193,XIII distrito electoral federal de Distrito Federal,13th federal electoral district of the Federal District,country:mx/federal-district:cmx,country:mx/federal-district:cmx/fed:13
14,14.000000000000000,9.0,14.0,7,0.000000000000000,,DISTRITO FEDERAL,Q5475946,XIV distrito electoral federal de Distrito Federal,14th federal electoral district of the Federal District,country:mx/federal-district:cmx,country:mx/federal-district:cmx/fed:14
15,15.000000000000000,9.0,15.0,6,0.000000000000000,,DISTRITO FEDERAL,Q5447449,XV distrito electoral federal de Distrito Federal,15th federal electoral district of the Federal District,country:mx/federal-district:cmx,country:mx/federal-district:cmx/fed:15
16,16.000000000000000,9.0,16.0,6,0.000000000000000,,DISTRITO FEDERAL,Q7533082,XVI distrito electoral federal de Distrito Federal,16th federal electoral district of the Federal District,country:mx/federal-district:cmx,country:mx/federal-district:cmx/fed:16
17,17.000000000000000,9.0,17.0,7,0.000000000000000,,DISTRITO FEDERAL,Q7457653,XVII distrito electoral federal de Distrito Federal,17th federal electoral district of the Federal District,country:mx/federal-district:cmx,country:mx/federal-district:cmx/fed:17
18,18.000000000000000,9.0,18.0,6,0.000000000000000,,DISTRITO FEDERAL,Q607713,Distrito electoral federal 18 del Distrito Federal,Eighteenth Federal Electoral District of the Federal District,country:mx/federal-district:cmx,country:mx/federal-district:cmx/fed:18
19,19.000000000000000,9.0,19.0,6,0.000000000000000,,DISTRITO FEDERAL,Q5811280,XIX distrito electoral federal de Distrito Federal,19th federal electoral district of the Federal District,country:mx/federal-district:cmx,country:mx/federal-district:cmx/fed:19
20,20.000000000000000,9.0,20.0,6,0.000000000000000,,DISTRITO FEDERAL,Q5811282,XX distrito electoral federal de Distrito Federal,20th federal electoral district of the Federal District,country:mx/federal-district:cmx,country:mx/federal-district:cmx/fed:20
21,21.000000000000000,9.0,21.0,7,0.000000000000000,,DISTRITO FEDERAL,Q5811285,Distrito electoral federal 21 del Distrito Federal,Distrito electoral federal 21 del Distrito Federal,country:mx/federal-district:cmx,country:mx/federal-district:cmx/fed:21
22,22.000000000000000,9.0,22.0,6,0.000000000000000,,DISTRITO FEDERAL,Q5811287,Distrito electoral federal 22 del Distrito Federal,Distrito electoral federal 22 del Distrito Federal,country:mx/federal-district:cmx,country:mx/federal-district:cmx/fed:22
23,23.000000000000000,9.0,23.0,6,0.000000000000000,,DISTRITO FEDERAL,Q5811290,XXIII distrito electoral federal de Distrito Federal,23rd federal electoral district of the Federal District,country:mx/federal-district:cmx,country:mx/federal-district:cmx/fed:23
24,24.000000000000000,9.0,24.0,6,0.000000000000000,,DISTRITO FEDERAL,Q5811292,XXIV distrito electoral federal de Distrito Federal,24th federal electoral district of the Federal District,country:mx/federal-district:cmx,country:mx/federal-district:cmx/fed:24
1,1.000000000000000,10.0,1.0,14,0.000000000000000,,DURANGO,Q5907440,I distrito electoral federal de Durango,1st federal electoral district of Durango,country:mx/state:dur,country:mx/state:dur/fed:1
2,2.000000000000000,10.0,2.0,8,0.000000000000000,,DURANGO,Q5906948,II distrito electoral federal de Durango,2nd federal electoral district of Durango,country:mx/state:dur,country:mx/state:dur/fed:2
3,3.000000000000000,10.0,3.0,13,0.000000000000000,,DURANGO,Q5906852,III distrito electoral federal de Durango,3rd federal electoral district of Durango,country:mx/state:dur,country:mx/state:dur/fed:3
4,4.000000000000000,10.0,4.0,7,0.000000000000000,,DURANGO,Q5907279,IV distrito electoral federal de Durango,4th federal electoral district of Durango,country:mx/state:dur,country:mx/state:dur/fed:4
1,1.000000000000000,11.0,1.0,11,0.000000000000000,,GUANAJUATO,Q5907443,I distrito electoral federal de Guanajuato,1st federal electoral district of Guanajuato,country:mx/state:gua,country:mx/state:gua/fed:1
2,2.000000000000000,11.0,2.0,9,0.000000000000000,,GUANAJUATO,Q5906950,II distrito electoral federal de Guanajuato,2nd federal electoral district of Guanajuato,country:mx/state:gua,country:mx/state:gua/fed:2
3,3.000000000000000,11.0,3.0,7,0.000000000000000,,GUANAJUATO,Q5906854,III distrito electoral federal de Guanajuato,3rd federal electoral district of Guanajuato,country:mx/state:gua,country:mx/state:gua/fed:3
4,4.000000000000000,11.0,4.0,9,0.000000000000000,,GUANAJUATO,Q5907281,IV distrito electoral federal de Guanajuato,4th federal electoral district of Guanajuato,country:mx/state:gua,country:mx/state:gua/fed:4
5,5.000000000000000,11.0,5.0,7,0.000000000000000,,GUANAJUATO,Q6158508,V distrito electoral federal de Guanajuato,5th federal electoral district of Guanajuato,country:mx/state:gua,country:mx/state:gua/fed:5
6,6.000000000000000,11.0,6.0,7,0.000000000000000,,GUANAJUATO,Q6158415,VI distrito electoral federal de Guanajuato,6th federal electoral district of Guanajuato,country:mx/state:gua,country:mx/state:gua/fed:6
7,7.000000000000000,11.0,7.0,9,0.000000000000000,,GUANAJUATO,Q6158386,VII distrito electoral federal de Guanajuato,7th federal electoral district of Guanajuato,country:mx/state:gua,country:mx/state:gua/fed:7
8,8.000000000000000,11.0,8.0,8,0.000000000000000,,GUANAJUATO,Q6158369,VIII distrito electoral federal de Guanajuato,8th federal electoral district of Guanajuato,country:mx/state:gua,country:mx/state:gua/fed:8
9,9.000000000000000,11.0,9.0,7,0.000000000000000,,GUANAJUATO,Q5907352,IX distrito electoral federal de Guanajuato,9th federal electoral district of Guanajuato,country:mx/state:gua,country:mx/state:gua/fed:9
10,10.000000000000000,11.0,10.0,8,0.000000000000000,,GUANAJUATO,Q5668436,X distrito electoral federal de Guanajuato,10th federal electoral district of Guanajuato,country:mx/state:gua,country:mx/state:gua/fed:10
11,11.000000000000000,11.0,11.0,10,0.000000000000000,,GUANAJUATO,Q6168784,XI distrito electoral federal de Guanajuato,11th federal electoral district of Guanajuato,country:mx/state:gua,country:mx/state:gua/fed:11
12,12.000000000000000,11.0,12.0,7,0.000000000000000,,GUANAJUATO,Q6168756,XII distrito electoral federal de Guanajuato,12th federal electoral district of Guanajuato,country:mx/state:gua,country:mx/state:gua/fed:12
13,13.000000000000000,11.0,13.0,8,0.000000000000000,,GUANAJUATO,Q5574019,XIII distrito electoral federal de Guanajuato,13th federal electoral district of Guanajuato,country:mx/state:gua,country:mx/state:gua/fed:13
14,14.000000000000000,11.0,14.0,9,0.000000000000000,,GUANAJUATO,Q6168767,XIV distrito electoral federal de Guanajuato,14th federal electoral district of Guanajuato,country:mx/state:gua,country:mx/state:gua/fed:14
15,15.000000000000000,11.0,15.0,0,0.000000000000000,,GUANAJUATO,Q53501061,XV distrito electoral federal de Guanajuato,15th Federal Electoral District of Guanajuato,country:mx/state:gua,country:mx/state:gua/fed:15
1,1.000000000000000,12.0,1.0,12,0.000000000000000,,GUERRERO,Q5907450,I distrito electoral federal de Guerrero,1st federal electoral district of Guerrero,country:mx/state:gro,country:mx/state:gro/fed:1
2,2.000000000000000,12.0,2.0,10,0.000000000000000,,GUERRERO,Q5906952,II distrito electoral federal de Guerrero,2nd federal electoral district of Guerrero,country:mx/state:gro,country:mx/state:gro/fed:2
3,3.000000000000000,12.0,3.0,11,0.000000000000000,,GUERRERO,Q6445884,III distrito electoral federal de Guerrero,3rd federal electoral district of Guerrero,country:mx/state:gro,country:mx/state:gro/fed:3
4,4.000000000000000,12.0,4.0,8,0.000000000000000,,GUERRERO,Q5907284,IV distrito electoral federal de Guerrero,4th federal electoral district of Guerrero,country:mx/state:gro,country:mx/state:gro/fed:4
5,5.000000000000000,12.0,5.0,3,0.000000000000000,,GUERRERO,Q6158509,V distrito electoral federal de Guerrero,5th federal electoral district of Guerrero,country:mx/state:gro,country:mx/state:gro/fed:5
6,6.000000000000000,12.0,6.0,11,0.000000000000000,,GUERRERO,Q53501063,VI distrito electoral federal de Guerrero,6th Federal Electoral District of Guerrero,country:mx/state:gro,country:mx/state:gro/fed:6
7,7.000000000000000,12.0,7.0,10,0.000000000000000,,GUERRERO,Q6158387,VII distrito electoral federal de Guerrero,7th federal electoral district of Guerrero,country:mx/state:gro,country:mx/state:gro/fed:7
8,8.000000000000000,12.0,8.0,3,0.000000000000000,,GUERRERO,Q6158370,VIII distrito electoral federal de Guerrero,8th federal electoral district of Guerrero,country:mx/state:gro,country:mx/state:gro/fed:8
9,9.000000000000000,12.0,9.0,8,0.000000000000000,,GUERRERO,Q53501064,IX distrito electoral federal de Guerrero,9th Federal Electoral District of Guerrero,country:mx/state:gro,country:mx/state:gro/fed:9
1,1.000000000000000,13.0,1.0,11,0.000000000000000,,HIDALGO,Q29839549,I distrito electoral federal de Hidalgo,1st federal electoral district of Hidalgo,country:mx/state:hid,country:mx/state:hid/fed:1
2,2.000000000000000,13.0,2.0,11,0.000000000000000,,HIDALGO,Q29840335,II distrito electoral federal de Hidalgo,2nd federal electoral district of Hidalgo,country:mx/state:hid,country:mx/state:hid/fed:2
3,3.000000000000000,13.0,3.0,9,0.000000000000000,,HIDALGO,Q29840627,III distrito electoral federal de Hidalgo,3rd federal electoral district of Hidalgo,country:mx/state:hid,country:mx/state:hid/fed:3
4,4.000000000000000,13.0,4.0,9,0.000000000000000,,HIDALGO,Q18811711,IV distrito electoral federal de Hidalgo,4th federal electoral district of Hidalgo,country:mx/state:hid,country:mx/state:hid/fed:4
5,5.000000000000000,13.0,5.0,9,0.000000000000000,,HIDALGO,Q29840914,V distrito electoral federal de Hidalgo,5th federal electoral district of Hidalgo,country:mx/state:hid,country:mx/state:hid/fed:5
6,6.000000000000000,13.0,6.0,7,0.000000000000000,,HIDALGO,Q6158417,VI distrito electoral federal de Hidalgo,6th federal electoral district of Hidalgo,country:mx/state:hid,country:mx/state:hid/fed:6
7,7.000000000000000,13.0,7.0,9,0.000000000000000,,HIDALGO,Q29840966,VII distrito electoral federal de Hidalgo,7th federal electoral district of Hidalgo,country:mx/state:hid,country:mx/state:hid/fed:7
1,1.000000000000000,14.0,1.0,12,0.000000000000000,,JALISCO,Q5907452,I distrito electoral federal de Jalisco,1st federal electoral district of Jalisco,country:mx/state:jal,country:mx/state:jal/fed:1
2,2.000000000000000,14.0,2.0,10,0.000000000000000,,JALISCO,Q53501065,II distrito electoral federal de Jalisco,2nd Federal Electoral District of Jalisco,country:mx/state:jal,country:mx/state:jal/fed:2
3,3.000000000000000,14.0,3.0,10,0.000000000000000,,JALISCO,Q6445886,III distrito electoral federal de Jalisco,3rd federal electoral district of Jalisco,country:mx/state:jal,country:mx/state:jal/fed:3
4,4.000000000000000,14.0,4.0,7,0.000000000000000,,JALISCO,Q53501067,IV distrito electoral federal de Jalisco,4th Federal Electoral District of Jalisco,country:mx/state:jal,country:mx/state:jal/fed:4
5,5.000000000000000,14.0,5.0,12,0.000000000000000,,JALISCO,Q53501068,V distrito electoral federal de Jalisco,5th Federal Electoral District of Jalisco,country:mx/state:jal,country:mx/state:jal/fed:5
6,6.000000000000000,14.0,6.0,7,0.000000000000000,,JALISCO,Q53501070,VI distrito electoral federal de Jalisco,6th Federal Electoral District of Jalisco,country:mx/state:jal,country:mx/state:jal/fed:6
7,7.000000000000000,14.0,7.0,7,0.000000000000000,,JALISCO,Q53501072,VII distrito electoral federal de Jalisco,7th Federal Electoral District of Jalisco,country:mx/state:jal,country:mx/state:jal/fed:7
8,8.000000000000000,14.0,8.0,7,0.000000000000000,,JALISCO,Q53501073,VIII distrito electoral federal de Jalisco,8th Federal Electoral District of Jalisco,country:mx/state:jal,country:mx/state:jal/fed:8
9,9.000000000000000,14.0,9.0,7,0.000000000000000,,JALISCO,Q53501084,IX distrito electoral federal de Jalisco,9th Federal Electoral District of Jalisco,country:mx/state:jal,country:mx/state:jal/fed:9
10,10.000000000000000,14.0,10.0,7,0.000000000000000,,JALISCO,Q9096458,X distrito electoral federal de Jalisco,10th federal electoral district of Jalisco,country:mx/state:jal,country:mx/state:jal/fed:10
11,11.000000000000000,14.0,11.0,6,0.000000000000000,,JALISCO,Q6168785,XI distrito electoral federal de Jalisco,11th federal electoral district of Jalisco,country:mx/state:jal,country:mx/state:jal/fed:11
12,12.000000000000000,14.0,12.0,8,0.000000000000000,,JALISCO,Q53501087,XII distrito electoral federal de Jalisco,12th Federal Electoral District of Jalisco,country:mx/state:jal,country:mx/state:jal/fed:12
13,13.000000000000000,14.0,13.0,7,0.000000000000000,,JALISCO,Q53501089,XIII distrito electoral federal de Jalisco,13th Federal Electoral District of Jalisco,country:mx/state:jal,country:mx/state:jal/fed:13
14,14.000000000000000,14.0,14.0,7,0.000000000000000,,JALISCO,Q16487218,XIV distrito electoral federal de Jalisco,14th federal electoral district of Jalisco,country:mx/state:jal,country:mx/state:jal/fed:14
15,15.000000000000000,14.0,15.0,9,0.000000000000000,,JALISCO,Q53501090,XV distrito electoral federal de Jalisco,15th Federal Electoral District of Jalisco,country:mx/state:jal,country:mx/state:jal/fed:15
16,16.000000000000000,14.0,16.0,7,0.000000000000000,,JALISCO,Q53501092,XVI distrito electoral federal de Jalisco,16th Federal Electoral District of Jalisco,country:mx/state:jal,country:mx/state:jal/fed:16
17,17.000000000000000,14.0,17.0,9,0.000000000000000,,JALISCO,Q53501095,XVII distrito electoral federal de Jalisco,17th Federal Electoral District of Jalisco,country:mx/state:jal,country:mx/state:jal/fed:17
18,18.000000000000000,14.0,18.0,10,0.000000000000000,,JALISCO,Q18419591,Distrito electoral federal 18 de Jalisco,Distrito electoral federal 18 de Jalisco,country:mx/state:jal,country:mx/state:jal/fed:18
19,19.000000000000000,14.0,19.0,10,0.000000000000000,,JALISCO,Q53501096,XIX distrito electoral federal de Jalisco,19th Federal Electoral District of Jalisco,country:mx/state:jal,country:mx/state:jal/fed:19
20,20.000000000000000,14.0,20.0,0,0.000000000000000,,JALISCO,Q53501097,XX distrito electoral federal de Jalisco,20th Federal Electoral District of Jalisco,country:mx/state:jal,country:mx/state:jal/fed:20
1,1.000000000000000,15.0,1.0,9,0.000000000000000,,MEXICO,Q5907486,I distrito electoral federal de Estado de México,1st federal electoral district of the state of México,country:mx/state:mex,country:mx/state:mex/fed:1
2,2.000000000000000,15.0,2.0,8,0.000000000000000,,MEXICO,Q5906978,II distrito electoral federal de Estado de México,2nd federal electoral district of the state of México,country:mx/state:mex,country:mx/state:mex/fed:2
3,3.000000000000000,15.0,3.0,7,0.000000000000000,,MEXICO,Q5906887,III distrito electoral federal de Estado de México,3rd federal electoral district of the state of México,country:mx/state:mex,country:mx/state:mex/fed:3
4,4.000000000000000,15.0,4.0,7,0.000000000000000,,MEXICO,Q5907308,IV distrito electoral federal de Estado de México,4th federal electoral district of the state of México,country:mx/state:mex,country:mx/state:mex/fed:4
5,5.000000000000000,15.0,5.0,8,0.000000000000000,,MEXICO,Q9092211,V distrito electoral federal de Estado de México,5th federal electoral district of the state of México,country:mx/state:mex,country:mx/state:mex/fed:5
6,6.000000000000000,15.0,6.0,7,0.000000000000000,,MEXICO,Q6158428,VI distrito electoral federal de Estado de México,6th federal electoral district of the state of México,country:mx/state:mex,country:mx/state:mex/fed:6
7,7.000000000000000,15.0,7.0,7,0.000000000000000,,MEXICO,Q6158396,VII distrito electoral federal de Estado de México,7th federal electoral district of the state of México,country:mx/state:mex,country:mx/state:mex/fed:7
8,8.000000000000000,15.0,8.0,7,0.000000000000000,,MEXICO,Q5669661,VIII distrito electoral federal de Estado de México,8th federal electoral district of the state of México,country:mx/state:mex,country:mx/state:mex/fed:8
9,9.000000000000000,15.0,9.0,8,0.000000000000000,,MEXICO,Q5551121,IX distrito electoral federal de Estado de México,9th federal electoral district of the state of México,country:mx/state:mex,country:mx/state:mex/fed:9
10,10.000000000000000,15.0,10.0,7,0.000000000000000,,MEXICO,Q6169037,X distrito electoral federal de Estado de México,10th federal electoral district of the state of México,country:mx/state:mex,country:mx/state:mex/fed:10
11,11.000000000000000,15.0,11.0,7,0.000000000000000,,MEXICO,Q53501099,XI distrito electoral federal de Estado de México,11th Federal Electoral District of the state of México,country:mx/state:mex,country:mx/state:mex/fed:11
12,12.000000000000000,15.0,12.0,7,0.000000000000000,,MEXICO,Q6168757,XII distrito electoral federal de Estado de México,12th federal electoral district of the state of México,country:mx/state:mex,country:mx/state:mex/fed:12
13,13.000000000000000,15.0,13.0,6,0.000000000000000,,MEXICO,Q53501120,XIII distrito electoral federal de Estado de México,13th Federal Electoral District of the state of México,country:mx/state:mex,country:mx/state:mex/fed:13
14,14.000000000000000,15.0,14.0,7,0.000000000000000,,MEXICO,Q6168768,XIV distrito electoral federal de Estado de México,14th federal electoral district of the state of México,country:mx/state:mex,country:mx/state:mex/fed:14
15,15.000000000000000,15.0,15.0,7,0.000000000000000,,MEXICO,Q6168889,XV distrito electoral federal de Estado de México,15th federal electoral district of the state of México,country:mx/state:mex,country:mx/state:mex/fed:15
16,16.000000000000000,15.0,16.0,7,0.000000000000000,,MEXICO,Q39080706,Distrito electoral federal 16 del estado de México,16th Federal Electoral District of the state of México,country:mx/state:mex,country:mx/state:mex/fed:16
17,17.000000000000000,15.0,17.0,7,0.000000000000000,,MEXICO,Q53501121,XVII distrito electoral federal de Estado de México,17th Federal Electoral District of the state of México,country:mx/state:mex,country:mx/state:mex/fed:17
18,18.000000000000000,15.0,18.0,8,0.000000000000000,,MEXICO,Q6168863,XVIII Distrito Electoral Federal del Estado de México,18th federal electoral district of the state of México,country:mx/state:mex,country:mx/state:mex/fed:18
19,19.000000000000000,15.0,19.0,6,0.000000000000000,,MEXICO,Q5649785,XIX distrito electoral federal de Estado de México,19th federal electoral district of the state of México,country:mx/state:mex,country:mx/state:mex/fed:19
20,20.000000000000000,15.0,20.0,6,0.000000000000000,,MEXICO,Q53501125,XX distrito electoral federal de Estado de México,20th Federal Electoral District of the state of México,country:mx/state:mex,country:mx/state:mex/fed:20
21,21.000000000000000,15.0,21.0,7,0.000000000000000,,MEXICO,Q53501126,XXI distrito electoral federal de Estado de México,21st Federal Electoral District of the state of México,country:mx/state:mex,country:mx/state:mex/fed:21
22,22.000000000000000,15.0,22.0,7,0.000000000000000,,MEXICO,Q53501128,XXII distrito electoral federal de Estado de México,22nd Federal Electoral District of the state of México,country:mx/state:mex,country:mx/state:mex/fed:22
23,23.000000000000000,15.0,23.0,9,0.000000000000000,,MEXICO,Q6168899,XXIII distrito electoral federal de Estado de México,23rd federal electoral district of the state of México,country:mx/state:mex,country:mx/state:mex/fed:23
24,24.000000000000000,15.0,24.0,6,0.000000000000000,,MEXICO,Q11092935,XXIV distrito electoral federal de Estado de México,24th federal electoral district of the state of México,country:mx/state:mex,country:mx/state:mex/fed:24
25,25.000000000000000,15.0,25.0,7,0.000000000000000,,MEXICO,Q53501129,XXV distrito electoral federal de Estado de México,25th Federal Electoral District of the state of México,country:mx/state:mex,country:mx/state:mex/fed:25
26,26.000000000000000,15.0,26.0,7,0.000000000000000,,MEXICO,Q6168934,XXVI distrito electoral federal de Estado de México,26th federal electoral district of the state of México,country:mx/state:mex,country:mx/state:mex/fed:26
27,27.000000000000000,15.0,27.0,7,0.000000000000000,,MEXICO,Q53501131,XXVII distrito electoral federal de Estado de México,27th Federal Electoral District of the state of México,country:mx/state:mex,country:mx/state:mex/fed:27
28,28.000000000000000,15.0,28.0,8,0.000000000000000,,MEXICO,Q6168926,XXVIII distrito electoral federal de Estado de México,28th federal electoral district of the state of México,country:mx/state:mex,country:mx/state:mex/fed:28
29,29.000000000000000,15.0,29.0,6,0.000000000000000,,MEXICO,Q6168914,XXIX distrito electoral federal de Estado de México,29th federal electoral district of the state of México,country:mx/state:mex,country:mx/state:mex/fed:29
30,30.000000000000000,15.0,30.0,6,0.000000000000000,,MEXICO,Q53501134,XXX distrito electoral federal de Estado de México,30th Federal Electoral District of the state of México,country:mx/state:mex,country:mx/state:mex/fed:30
31,31.000000000000000,15.0,31.0,6,0.000000000000000,,MEXICO,Q6168970,XXXI distrito electoral federal de Estado de México,31st federal electoral district of the state of México,country:mx/state:mex,country:mx/state:mex/fed:31
32,32.000000000000000,15.0,32.0,7,0.000000000000000,,MEXICO,Q6168950,XXXII distrito electoral federal de Estado de México,32nd federal electoral district of the state of México,country:mx/state:mex,country:mx/state:mex/fed:32
33,33.000000000000000,15.0,33.0,8,0.000000000000000,,MEXICO,Q6168945,XXXIII distrito electoral federal de Estado de México,33rd federal electoral district of the state of México,country:mx/state:mex,country:mx/state:mex/fed:33
34,34.000000000000000,15.0,34.0,7,0.000000000000000,,MEXICO,Q6168956,XXXIV distrito electoral federal de Estado de México,34th federal electoral district of the state of México,country:mx/state:mex,country:mx/state:mex/fed:34
35,35.000000000000000,15.0,35.0,8,0.000000000000000,,MEXICO,Q53501135,XXXV distrito electoral federal de Estado de México,35th Federal Electoral District of the state of México,country:mx/state:mex,country:mx/state:mex/fed:35
36,36.000000000000000,15.0,36.0,10,0.000000000000000,,MEXICO,Q25407964,Distrito electoral federal 36 del estado de México,36th Federal Electoral District of the state of México,country:mx/state:mex,country:mx/state:mex/fed:36
37,37.000000000000000,15.0,37.0,7,0.000000000000000,,MEXICO,Q12221368,XXXVII distrito electoral federal de Estado de México,37th federal electoral district of the state of México,country:mx/state:mex,country:mx/state:mex/fed:37
38,38.000000000000000,15.0,38.0,8,0.000000000000000,,MEXICO,Q6168976,XXXVIII distrito electoral federal de Estado de México,38th federal electoral district of the state of México,country:mx/state:mex,country:mx/state:mex/fed:38
39,39.000000000000000,15.0,39.0,7,0.000000000000000,,MEXICO,Q5396956,XXXIX distrito electoral federal de Estado de México,39th federal electoral district of the state of México,country:mx/state:mex,country:mx/state:mex/fed:39
40,40.000000000000000,15.0,40.0,8,0.000000000000000,,MEXICO,Q6168826,XL distrito electoral federal de Estado de México,40th federal electoral district of the state of México,country:mx/state:mex,country:mx/state:mex/fed:40
41,41.000000000000000,15.0,41.0,0,0.000000000000000,,MEXICO,Q53501159,XLI distrito electoral federal de Estado de México,41st Federal Electoral District of the state of México,country:mx/state:mex,country:mx/state:mex/fed:41
1,1.000000000000000,16.0,1.0,10,0.000000000000000,,MICHOACAN,Q5907455,I distrito electoral federal de Michoacan,1st federal electoral district of Michoacan,country:mx/state:mic,country:mx/state:mic/fed:1
2,2.000000000000000,16.0,2.0,9,0.000000000000000,,MICHOACAN,Q53501161,II distrito electoral federal de Michoacan,2nd Federal Electoral District of Michoacan,country:mx/state:mic,country:mx/state:mic/fed:2
3,3.000000000000000,16.0,3.0,10,0.000000000000000,,MICHOACAN,Q5906862,III distrito electoral federal de Michoacan,3rd federal electoral district of Michoacan,country:mx/state:mic,country:mx/state:mic/fed:3
4,4.000000000000000,16.0,4.0,8,0.000000000000000,,MICHOACAN,Q5907287,IV distrito electoral federal de Michoacan,4th federal electoral district of Michoacan,country:mx/state:mic,country:mx/state:mic/fed:4
5,5.000000000000000,16.0,5.0,8,0.000000000000000,,MICHOACAN,Q6158510,V distrito electoral federal de Michoacan,5th federal electoral district of Michoacan,country:mx/state:mic,country:mx/state:mic/fed:5
6,6.000000000000000,16.0,6.0,9,0.000000000000000,,MICHOACAN,Q53501162,VI distrito electoral federal de Michoacan,6th Federal Electoral District of Michoacan,country:mx/state:mic,country:mx/state:mic/fed:6
7,7.000000000000000,16.0,7.0,9,0.000000000000000,,MICHOACAN,Q6158389,VII distrito electoral federal de Michoacan,7th federal electoral district of Michoacan,country:mx/state:mic,country:mx/state:mic/fed:7
8,8.000000000000000,16.0,8.0,7,0.000000000000000,,MICHOACAN,Q6158372,VIII distrito electoral federal de Michoacan,8th federal electoral district of Michoacan,country:mx/state:mic,country:mx/state:mic/fed:8
9,9.000000000000000,16.0,9.0,8,0.000000000000000,,MICHOACAN,Q53501168,IX distrito electoral federal de Michoacan,9th Federal Electoral District of Michoacan,country:mx/state:mic,country:mx/state:mic/fed:9
10,10.000000000000000,16.0,10.0,7,0.000000000000000,,MICHOACAN,Q6169031,X distrito electoral federal de Michoacan,10th federal electoral district of Michoacan,country:mx/state:mic,country:mx/state:mic/fed:10
11,11.000000000000000,16.0,11.0,11,0.000000000000000,,MICHOACAN,Q6168787,XI distrito electoral federal de Michoacan,11th federal electoral district of Michoacan,country:mx/state:mic,country:mx/state:mic/fed:11
12,12.000000000000000,16.0,12.0,11,0.000000000000000,,MICHOACAN,Q5643384,XII distrito electoral federal de Michoacan,12th federal electoral district of Michoacan,country:mx/state:mic,country:mx/state:mic/fed:12
1,1.000000000000000,17.0,1.0,7,0.000000000000000,,MORELOS,Q26689729,Distrito electoral federal 1 de Morelos,Distrito electoral federal 1 de Morelos,country:mx/state:mor,country:mx/state:mor/fed:1
2,2.000000000000000,17.0,2.0,7,0.000000000000000,,MORELOS,Q53501171,II distrito electoral federal de Morelos,2nd Federal Electoral District of Morelos,country:mx/state:mor,country:mx/state:mor/fed:2
3,3.000000000000000,17.0,3.0,8,0.000000000000000,,MORELOS,Q53501172,III distrito electoral federal de Morelos,3rd Federal Electoral District of Morelos,country:mx/state:mor,country:mx/state:mor/fed:3
4,4.000000000000000,17.0,4.0,8,0.000000000000000,,MORELOS,Q53501174,IV distrito electoral federal de Morelos,4th Federal Electoral District of Morelos,country:mx/state:mor,country:mx/state:mor/fed:4
5,5.000000000000000,17.0,5.0,8,0.000000000000000,,MORELOS,Q6158511,V distrito electoral federal de Morelos,5th federal electoral district of Morelos,country:mx/state:mor,country:mx/state:mor/fed:5
1,1.000000000000000,18.0,1.0,11,0.000000000000000,,NAYARIT,Q595430,I distrito electoral federal de Nayarit,1st federal electoral district of Nayarit,country:mx/state:nay,country:mx/state:nay/fed:1
2,2.000000000000000,18.0,2.0,7,0.000000000000000,,NAYARIT,Q7443288,II distrito electoral federal de Nayarit,2nd federal electoral district of Nayarit,country:mx/state:nay,country:mx/state:nay/fed:2
3,3.000000000000000,18.0,3.0,10,0.000000000000000,,NAYARIT,Q7784848,III distrito electoral federal de Nayarit,3rd federal electoral district of Nayarit,country:mx/state:nay,country:mx/state:nay/fed:3
1,1.000000000000000,19.0,1.0,7,0.000000000000000,,NUEVO LEON,Q5907459,I distrito electoral federal de Nuevo Leon,1st federal electoral district of Nuevo Leon,country:mx/state:nle,country:mx/state:nle/fed:1
2,2.000000000000000,19.0,2.0,7,0.000000000000000,,NUEVO LEON,Q5906955,II distrito electoral federal de Nuevo Leon,2nd federal electoral district of Nuevo Leon,country:mx/state:nle,country:mx/state:nle/fed:2
3,3.000000000000000,19.0,3.0,7,0.000000000000000,,NUEVO LEON,Q5906865,III distrito electoral federal de Nuevo Leon,3rd federal electoral district of Nuevo Leon,country:mx/state:nle,country:mx/state:nle/fed:3
4,4.000000000000000,19.0,4.0,7,0.000000000000000,,NUEVO LEON,Q5907291,IV distrito electoral federal de Nuevo Leon,4th federal electoral district of Nuevo Leon,country:mx/state:nle,country:mx/state:nle/fed:4
5,5.000000000000000,19.0,5.0,7,0.000000000000000,,NUEVO LEON,Q53501177,V distrito electoral federal de Nuevo Leon,5th Federal Electoral District of Nuevo Leon,country:mx/state:nle,country:mx/state:nle/fed:5
6,6.000000000000000,19.0,6.0,7,0.000000000000000,,NUEVO LEON,Q53501178,VI distrito electoral federal de Nuevo Leon,6th Federal Electoral District of Nuevo Leon,country:mx/state:nle,country:mx/state:nle/fed:6
7,7.000000000000000,19.0,7.0,7,0.000000000000000,,NUEVO LEON,Q53501194,VII distrito electoral federal de Nuevo Leon,7th Federal Electoral District of Nuevo Leon,country:mx/state:nle,country:mx/state:nle/fed:7
8,8.000000000000000,19.0,8.0,7,0.000000000000000,,NUEVO LEON,Q53501197,VIII distrito electoral federal de Nuevo Leon,8th Federal Electoral District of Nuevo Leon,country:mx/state:nle,country:mx/state:nle/fed:8
9,9.000000000000000,19.0,9.0,13,0.000000000000000,,NUEVO LEON,Q6446013,IX distrito electoral federal de Nuevo Leon,9th federal electoral district of Nuevo Leon,country:mx/state:nle,country:mx/state:nle/fed:9
10,10.000000000000000,19.0,10.0,7,0.000000000000000,,NUEVO LEON,Q53501199,X distrito electoral federal de Nuevo Leon,10th Federal Electoral District of Nuevo Leon,country:mx/state:nle,country:mx/state:nle/fed:10
11,11.000000000000000,19.0,11.0,7,0.000000000000000,,NUEVO LEON,Q53501201,XI distrito electoral federal de Nuevo Leon,11th Federal Electoral District of Nuevo Leon,country:mx/state:nle,country:mx/state:nle/fed:11
12,12.000000000000000,19.0,12.0,12,0.000000000000000,,NUEVO LEON,Q2917871,XII distrito electoral federal de Nuevo Leon,12th federal electoral district of Nuevo Leon,country:mx/state:nle,country:mx/state:nle/fed:12
1,1.000000000000000,20.0,1.0,9,0.000000000000000,,OAXACA,Q5638898,I distrito electoral federal de Oaxaca,1st federal electoral district of Oaxaca,country:mx/state:oax,country:mx/state:oax/fed:1
2,2.000000000000000,20.0,2.0,11,0.000000000000000,,OAXACA,Q53501204,II distrito electoral federal de Oaxaca,2nd Federal Electoral District of Oaxaca,country:mx/state:oax,country:mx/state:oax/fed:2
3,3.000000000000000,20.0,3.0,10,0.000000000000000,,OAXACA,Q5906868,III distrito electoral federal de Oaxaca,3rd federal electoral district of Oaxaca,country:mx/state:oax,country:mx/state:oax/fed:3
4,4.000000000000000,20.0,4.0,10,0.000000000000000,,OAXACA,Q53501206,IV distrito electoral federal de Oaxaca,4th Federal Electoral District of Oaxaca,country:mx/state:oax,country:mx/state:oax/fed:4
5,5.000000000000000,20.0,5.0,9,0.000000000000000,,OAXACA,Q6158513,V distrito electoral federal de Oaxaca,5th federal electoral district of Oaxaca,country:mx/state:oax,country:mx/state:oax/fed:5
6,6.000000000000000,20.0,6.0,11,0.000000000000000,,OAXACA,Q42837015,Sixth federal electoral district of Oaxaca,Sixth federal electoral district of Oaxaca,country:mx/state:oax,country:mx/state:oax/fed:6
7,7.000000000000000,20.0,7.0,9,0.000000000000000,,OAXACA,Q6158390,VII distrito electoral federal de Oaxaca,7th federal electoral district of Oaxaca,country:mx/state:oax,country:mx/state:oax/fed:7
8,8.000000000000000,20.0,8.0,7,0.000000000000000,,OAXACA,Q29642217,Distrito electoral federal 8 de Oaxaca,Eighth electoral federal district of Oaxaca,country:mx/state:oax,country:mx/state:oax/fed:8
9,9.000000000000000,20.0,9.0,10,0.000000000000000,,OAXACA,Q49564909,Ninth federal electoral district of Oaxaca,Ninth federal electoral district of Oaxaca,country:mx/state:oax,country:mx/state:oax/fed:9
10,10.000000000000000,20.0,10.0,11,0.000000000000000,,OAXACA,Q6169033,X distrito electoral federal de Oaxaca,10th federal electoral district of Oaxaca,country:mx/state:oax,country:mx/state:oax/fed:10
1,1.000000000000000,21.0,1.0,10,0.000000000000000,,PUEBLA,Q6446044,I distrito electoral federal de Puebla,1st federal electoral district of Puebla,country:mx/state:pue,country:mx/state:pue/fed:1
2,2.000000000000000,21.0,2.0,10,0.000000000000000,,PUEBLA,Q25404212,II Distrito Electoral Federal de Puebla,2nd federal electoral district of Puebla,country:mx/state:pue,country:mx/state:pue/fed:2
3,3.000000000000000,21.0,3.0,9,0.000000000000000,,PUEBLA,Q53501208,III distrito electoral federal de Puebla,3rd Federal Electoral District of Puebla,country:mx/state:pue,country:mx/state:pue/fed:3
4,4.000000000000000,21.0,4.0,10,0.000000000000000,,PUEBLA,Q41295748,Fourth federal electoral district of Puebla,Fourth federal electoral district of Puebla,country:mx/state:pue,country:mx/state:pue/fed:4
5,5.000000000000000,21.0,5.0,8,0.000000000000000,,PUEBLA,Q6158515,V distrito electoral federal de Puebla,5th federal electoral district of Puebla,country:mx/state:pue,country:mx/state:pue/fed:5
6,6.000000000000000,21.0,6.0,7,0.000000000000000,,PUEBLA,Q6158419,VI distrito electoral federal de Puebla,6th federal electoral district of Puebla,country:mx/state:pue,country:mx/state:pue/fed:6
7,7.000000000000000,21.0,7.0,7,0.000000000000000,,PUEBLA,Q42240933,Seventh federal electoral district of Puebla,Seventh federal electoral district of Puebla,country:mx/state:pue,country:mx/state:pue/fed:7
8,8.000000000000000,21.0,8.0,8,0.000000000000000,,PUEBLA,Q6158373,VIII distrito electoral federal de Puebla,8th federal electoral district of Puebla,country:mx/state:pue,country:mx/state:pue/fed:8
9,9.000000000000000,21.0,9.0,7,0.000000000000000,,PUEBLA,Q53501210,IX distrito electoral federal de Puebla,9th Federal Electoral District of Puebla,country:mx/state:pue,country:mx/state:pue/fed:9
10,10.000000000000000,21.0,10.0,7,0.000000000000000,,PUEBLA,Q6169035,X distrito electoral federal de Puebla,10th federal electoral district of Puebla,country:mx/state:pue,country:mx/state:pue/fed:10
11,11.000000000000000,21.0,11.0,7,0.000000000000000,,PUEBLA,Q6168788,XI distrito electoral federal de Puebla,11th federal electoral district of Puebla,country:mx/state:pue,country:mx/state:pue/fed:11
12,12.000000000000000,21.0,12.0,7,0.000000000000000,,PUEBLA,Q53501212,XII distrito electoral federal de Puebla,12th Federal Electoral District of Puebla,country:mx/state:pue,country:mx/state:pue/fed:12
13,13.000000000000000,21.0,13.0,9,0.000000000000000,,PUEBLA,Q41295902,Thirteenth federal electoral district of Puebla,Thirteenth federal electoral district of Puebla,country:mx/state:pue,country:mx/state:pue/fed:13
14,14.000000000000000,21.0,14.0,10,0.000000000000000,,PUEBLA,Q41296012,Fourteenth federal electoral district of Puebla,Fourteenth federal electoral district of Puebla,country:mx/state:pue,country:mx/state:pue/fed:14
15,15.000000000000000,21.0,15.0,7,0.000000000000000,,PUEBLA,Q41577375,Fifteenth federal electoral district of Puebla,Fifteenth federal electoral district of Puebla,country:mx/state:pue,country:mx/state:pue/fed:15
1,1.000000000000000,22.0,1.0,10,0.000000000000000,,QUERETARO,Q53501228,I distrito electoral federal de Queretaro,1st Federal Electoral District of Queretaro,country:mx/state:que,country:mx/state:que/fed:1
2,2.000000000000000,22.0,2.0,8,0.000000000000000,,QUERETARO,Q53501231,II distrito electoral federal de Queretaro,2nd Federal Electoral District of Queretaro,country:mx/state:que,country:mx/state:que/fed:2
3,3.000000000000000,22.0,3.0,7,0.000000000000000,,QUERETARO,Q53501232,III distrito electoral federal de Queretaro,3rd Federal Electoral District of Queretaro,country:mx/state:que,country:mx/state:que/fed:3
4,4.000000000000000,22.0,4.0,7,0.000000000000000,,QUERETARO,Q53501233,IV distrito electoral federal de Queretaro,4th Federal Electoral District of Queretaro,country:mx/state:que,country:mx/state:que/fed:4
5,5.000000000000000,22.0,5.0,0,0.000000000000000,,QUERETARO,Q53501235,V distrito electoral federal de Queretaro,5th Federal Electoral District of Queretaro,country:mx/state:que,country:mx/state:que/fed:5
1,1.000000000000000,23.0,1.0,10,0.000000000000000,,QUINTANA ROO,Q2834868,I distrito electoral federal de Quintana Roo,1st federal electoral district of Quintana Roo,country:mx/state:roo,country:mx/state:roo/fed:1
2,2.000000000000000,23.0,2.0,11,0.000000000000000,,QUINTANA ROO,Q5663775,II distrito electoral federal de Quintana Roo,2nd federal electoral district of Quintana Roo,country:mx/state:roo,country:mx/state:roo/fed:2
3,3.000000000000000,23.0,3.0,7,0.000000000000000,,QUINTANA ROO,Q7784851,III distrito electoral federal de Quintana Roo,3rd federal electoral district of Quintana Roo,country:mx/state:roo,country:mx/state:roo/fed:3
4,4.000000000000000,23.0,4.0,0,0.000000000000000,,QUINTANA ROO,Q53501238,IV distrito electoral federal de Quintana Roo,4th Federal Electoral District of Quintana Roo,country:mx/state:roo,country:mx/state:roo/fed:4
1,1.000000000000000,24.0,1.0,4,0.000000000000000,,SAN LUIS POTOSI,Q5907466,I distrito electoral federal de San Luis Potosi,1st federal electoral district of San Luis Potosi,country:mx/state:slp,country:mx/state:slp/fed:1
2,2.000000000000000,24.0,2.0,4,0.000000000000000,,SAN LUIS POTOSI,Q5906957,II distrito electoral federal de San Luis Potosi,2nd federal electoral district of San Luis Potosi,country:mx/state:slp,country:mx/state:slp/fed:2
3,3.000000000000000,24.0,3.0,4,0.000000000000000,,SAN LUIS POTOSI,Q5906870,III distrito electoral federal de San Luis Potosi,3rd federal electoral district of San Luis Potosi,country:mx/state:slp,country:mx/state:slp/fed:3
4,4.000000000000000,24.0,4.0,4,0.000000000000000,,SAN LUIS POTOSI,Q5907294,IV distrito electoral federal de San Luis Potosi,4th federal electoral district of San Luis Potosi,country:mx/state:slp,country:mx/state:slp/fed:4
5,5.000000000000000,24.0,5.0,1,0.000000000000000,,SAN LUIS POTOSI,Q6158516,V distrito electoral federal de San Luis Potosi,5th federal electoral district of San Luis Potosi,country:mx/state:slp,country:mx/state:slp/fed:5
6,6.000000000000000,24.0,6.0,1,0.000000000000000,,SAN LUIS POTOSI,Q6158421,VI distrito electoral federal de San Luis Potosi,6th federal electoral district of San Luis Potosi,country:mx/state:slp,country:mx/state:slp/fed:6
7,7.000000000000000,24.0,7.0,4,0.000000000000000,,SAN LUIS POTOSI,Q6158393,VII distrito electoral federal de San Luis Potosi,7th federal electoral district of San Luis Potosi,country:mx/state:slp,country:mx/state:slp/fed:7
1,1.000000000000000,25.0,1.0,13,0.000000000000000,,SINALOA,Q5907469,I distrito electoral federal de Sinaloa,1st federal electoral district of Sinaloa,country:mx/state:sin,country:mx/state:sin/fed:1
2,2.000000000000000,25.0,2.0,8,0.000000000000000,,SINALOA,Q5559457,II distrito electoral federal de Sinaloa,2nd federal electoral district of Sinaloa,country:mx/state:sin,country:mx/state:sin/fed:2
3,3.000000000000000,25.0,3.0,9,0.000000000000000,,SINALOA,Q5906874,III distrito electoral federal de Sinaloa,3rd federal electoral district of Sinaloa,country:mx/state:sin,country:mx/state:sin/fed:3
4,4.000000000000000,25.0,4.0,9,0.000000000000000,,SINALOA,Q5907297,IV distrito electoral federal de Sinaloa,4th federal electoral district of Sinaloa,country:mx/state:sin,country:mx/state:sin/fed:4
5,5.000000000000000,25.0,5.0,8,0.000000000000000,,SINALOA,Q5392067,V distrito electoral federal de Sinaloa,5th federal electoral district of Sinaloa,country:mx/state:sin,country:mx/state:sin/fed:5
6,6.000000000000000,25.0,6.0,12,0.000000000000000,,SINALOA,Q6158422,VI distrito electoral federal de Sinaloa,6th federal electoral district of Sinaloa,country:mx/state:sin,country:mx/state:sin/fed:6
7,7.000000000000000,25.0,7.0,8,0.000000000000000,,SINALOA,Q6158394,VII distrito electoral federal de Sinaloa,7th federal electoral district of Sinaloa,country:mx/state:sin,country:mx/state:sin/fed:7
1,1.000000000000000,26.0,1.0,12,0.000000000000000,,SONORA,Q5640424,I distrito electoral federal de Sonora,1st federal electoral district of Sonora,country:mx/state:son,country:mx/state:son/fed:1
2,2.000000000000000,26.0,2.0,10,0.000000000000000,,SONORA,Q5906962,II distrito electoral federal de Sonora,2nd federal electoral district of Sonora,country:mx/state:son,country:mx/state:son/fed:2
3,3.000000000000000,26.0,3.0,8,0.000000000000000,,SONORA,Q5906877,III distrito electoral federal de Sonora,3rd federal electoral district of Sonora,country:mx/state:son,country:mx/state:son/fed:3
4,4.000000000000000,26.0,4.0,13,0.000000000000000,,SONORA,Q20024519,IV distrito electoral federal de Sonora,4th federal electoral district of Sonora,country:mx/state:son,country:mx/state:son/fed:4
5,5.000000000000000,26.0,5.0,9,0.000000000000000,,SONORA,Q6158518,V distrito electoral federal de Sonora,5th federal electoral district of Sonora,country:mx/state:son,country:mx/state:son/fed:5
6,6.000000000000000,26.0,6.0,8,0.000000000000000,,SONORA,Q5644888,VI distrito electoral federal de Sonora,6th federal electoral district of Sonora,country:mx/state:son,country:mx/state:son/fed:6
7,7.000000000000000,26.0,7.0,9,0.000000000000000,,SONORA,Q6158395,VII distrito electoral federal de Sonora,7th federal electoral district of Sonora,country:mx/state:son,country:mx/state:son/fed:7
1,1.000000000000000,27.0,1.0,10,0.000000000000000,,TABASCO,Q5907473,I distrito electoral federal de Tabasco,1st federal electoral district of Tabasco,country:mx/state:tab,country:mx/state:tab/fed:1
2,2.000000000000000,27.0,2.0,9,0.000000000000000,,TABASCO,Q5906966,II distrito electoral federal de Tabasco,2nd federal electoral district of Tabasco,country:mx/state:tab,country:mx/state:tab/fed:2
3,3.000000000000000,27.0,3.0,8,0.000000000000000,,TABASCO,Q5906879,III distrito electoral federal de Tabasco,3rd federal electoral district of Tabasco,country:mx/state:tab,country:mx/state:tab/fed:3
4,4.000000000000000,27.0,4.0,7,0.000000000000000,,TABASCO,Q5485182,IV distrito electoral federal de Tabasco,4th federal electoral district of Tabasco,country:mx/state:tab,country:mx/state:tab/fed:4
5,5.000000000000000,27.0,5.0,9,0.000000000000000,,TABASCO,Q6158519,V distrito electoral federal de Tabasco,5th federal electoral district of Tabasco,country:mx/state:tab,country:mx/state:tab/fed:5
6,6.000000000000000,27.0,6.0,9,0.000000000000000,,TABASCO,Q6158423,VI distrito electoral federal de Tabasco,6th federal electoral district of Tabasco,country:mx/state:tab,country:mx/state:tab/fed:6
1,1.000000000000000,28.0,1.0,8,0.000000000000000,,TAMAULIPAS,Q5907476,I distrito electoral federal de Tamaulipas,1st federal electoral district of Tamaulipas,country:mx/state:tam,country:mx/state:tam/fed:1
2,2.000000000000000,28.0,2.0,7,0.000000000000000,,TAMAULIPAS,Q5906969,II distrito electoral federal de Tamaulipas,2nd federal electoral district of Tamaulipas,country:mx/state:tam,country:mx/state:tam/fed:2
3,3.000000000000000,28.0,3.0,12,0.000000000000000,,TAMAULIPAS,Q5906881,III distrito electoral federal de Tamaulipas,3rd federal electoral district of Tamaulipas,country:mx/state:tam,country:mx/state:tam/fed:3
4,4.000000000000000,28.0,4.0,7,0.000000000000000,,TAMAULIPAS,Q5907300,IV distrito electoral federal de Tamaulipas,4th federal electoral district of Tamaulipas,country:mx/state:tam,country:mx/state:tam/fed:4
5,5.000000000000000,28.0,5.0,10,0.000000000000000,,TAMAULIPAS,Q6158521,V distrito electoral federal de Tamaulipas,5th federal electoral district of Tamaulipas,country:mx/state:tam,country:mx/state:tam/fed:5
6,6.000000000000000,28.0,6.0,12,0.000000000000000,,TAMAULIPAS,Q6158425,VI distrito electoral federal de Tamaulipas,6th federal electoral district of Tamaulipas,country:mx/state:tam,country:mx/state:tam/fed:6
7,7.000000000000000,28.0,7.0,8,0.000000000000000,,TAMAULIPAS,Q5835656,VII distrito electoral federal de Tamaulipas,7th federal electoral district of Tamaulipas,country:mx/state:tam,country:mx/state:tam/fed:7
8,8.000000000000000,28.0,8.0,7,0.000000000000000,,TAMAULIPAS,Q6158375,VIII distrito electoral federal de Tamaulipas,8th federal electoral district of Tamaulipas,country:mx/state:tam,country:mx/state:tam/fed:8
9,9.000000000000000,28.0,9.0,0,0.000000000000000,,TAMAULIPAS,Q53501240,IX distrito electoral federal de Tamaulipas,9th Federal Electoral District of Tamaulipas,country:mx/state:tam,country:mx/state:tam/fed:9
1,1.000000000000000,29.0,1.0,8,0.000000000000000,,TLAXCALA,Q5907479,I distrito electoral federal de Tlaxcala,1st federal electoral district of Tlaxcala,country:mx/state:tla,country:mx/state:tla/fed:1
2,2.000000000000000,29.0,2.0,7,0.000000000000000,,TLAXCALA,Q5906972,II distrito electoral federal de Tlaxcala,2nd federal electoral district of Tlaxcala,country:mx/state:tla,country:mx/state:tla/fed:2
3,3.000000000000000,29.0,3.0,8,0.000000000000000,,TLAXCALA,Q20012832,III distrito electoral federal de Tlaxcala,3rd federal electoral district of Tlaxcala,country:mx/state:tla,country:mx/state:tla/fed:3
1,1.000000000000000,30.0,1.0,11,0.000000000000000,,VERACRUZ,Q5907482,I distrito electoral federal de Veracruz,1st federal electoral district of Veracruz,country:mx/state:ver,country:mx/state:ver/fed:1
2,2.000000000000000,30.0,2.0,12,0.000000000000000,,VERACRUZ,Q53501242,II distrito electoral federal de Veracruz,2nd Federal Electoral District of Veracruz,country:mx/state:ver,country:mx/state:ver/fed:2
3,3.000000000000000,30.0,3.0,9,0.000000000000000,,VERACRUZ,Q33083466,Distrito electoral federal 3 de Veracruz,Third federal electoral district of Veracruz,country:mx/state:ver,country:mx/state:ver/fed:3
4,4.000000000000000,30.0,4.0,7,0.000000000000000,,VERACRUZ,Q5907304,IV distrito electoral federal de Veracruz,4th federal electoral district of Veracruz,country:mx/state:ver,country:mx/state:ver/fed:4
5,5.000000000000000,30.0,5.0,8,0.000000000000000,,VERACRUZ,Q5414187,V distrito electoral federal de Veracruz,5th federal electoral district of Veracruz,country:mx/state:ver,country:mx/state:ver/fed:5
6,6.000000000000000,30.0,6.0,9,0.000000000000000,,VERACRUZ,Q53501244,VI distrito electoral federal de Veracruz,6th Federal Electoral District of Veracruz,country:mx/state:ver,country:mx/state:ver/fed:6
7,7.000000000000000,30.0,7.0,9,0.000000000000000,,VERACRUZ,Q53501261,VII distrito electoral federal de Veracruz,7th Federal Electoral District of Veracruz,country:mx/state:ver,country:mx/state:ver/fed:7
8,8.000000000000000,30.0,8.0,10,0.000000000000000,,VERACRUZ,Q53501263,VIII distrito electoral federal de Veracruz,8th Federal Electoral District of Veracruz,country:mx/state:ver,country:mx/state:ver/fed:8
9,9.000000000000000,30.0,9.0,9,0.000000000000000,,VERACRUZ,Q5907357,IX distrito electoral federal de Veracruz,9th federal electoral district of Veracruz,country:mx/state:ver,country:mx/state:ver/fed:9
10,10.000000000000000,30.0,10.0,7,0.000000000000000,,VERACRUZ,Q27648055,Distrito electoral federal 10 de Veracruz,Tenth Federal Electoral District of Veracruz,country:mx/state:ver,country:mx/state:ver/fed:10
11,11.000000000000000,30.0,11.0,7,0.000000000000000,,VERACRUZ,Q6168789,XI distrito electoral federal de Veracruz,11th federal electoral district of Veracruz,country:mx/state:ver,country:mx/state:ver/fed:11
12,12.000000000000000,30.0,12.0,7,0.000000000000000,,VERACRUZ,Q53501265,XII distrito electoral federal de Veracruz,12th Federal Electoral District of Veracruz,country:mx/state:ver,country:mx/state:ver/fed:12
13,13.000000000000000,30.0,13.0,11,0.000000000000000,,VERACRUZ,Q53501268,XIII distrito electoral federal de Veracruz,13th Federal Electoral District of Veracruz,country:mx/state:ver,country:mx/state:ver/fed:13
14,14.000000000000000,30.0,14.0,11,0.000000000000000,,VERACRUZ,Q53501272,XIV distrito electoral federal de Veracruz,14th Federal Electoral District of Veracruz,country:mx/state:ver,country:mx/state:ver/fed:14
15,15.000000000000000,30.0,15.0,8,0.000000000000000,,VERACRUZ,Q39080948,Distrito electoral federal 15 de Veracruz,15th Federal Electoral District of Veracruz,country:mx/state:ver,country:mx/state:ver/fed:15
16,16.000000000000000,30.0,16.0,8,0.000000000000000,,VERACRUZ,Q6168880,XVI distrito electoral federal de Veracruz,16th federal electoral district of Veracruz,country:mx/state:ver,country:mx/state:ver/fed:16
17,17.000000000000000,30.0,17.0,11,0.000000000000000,,VERACRUZ,Q6168871,XVII distrito electoral federal de Veracruz,17th federal electoral district of Veracruz,country:mx/state:ver,country:mx/state:ver/fed:17
18,18.000000000000000,30.0,18.0,10,0.000000000000000,,VERACRUZ,Q6168862,XVIII distrito electoral federal de Veracruz,18th federal electoral district of Veracruz,country:mx/state:ver,country:mx/state:ver/fed:18
19,19.000000000000000,30.0,19.0,9,0.000000000000000,,VERACRUZ,Q5792684,XIX distrito electoral federal de Veracruz,19th federal electoral district of Veracruz,country:mx/state:ver,country:mx/state:ver/fed:19
20,20.000000000000000,30.0,20.0,10,0.000000000000000,,VERACRUZ,Q6169011,XX distrito electoral federal de Veracruz,20th federal electoral district of Veracruz,country:mx/state:ver,country:mx/state:ver/fed:20
1,1.000000000000000,31.0,1.0,11,0.000000000000000,,YUCATAN,Q5453005,I distrito electoral federal de Yucatan,1st federal electoral district of Yucatan,country:mx/state:yuc,country:mx/state:yuc/fed:1
2,2.000000000000000,31.0,2.0,9,0.000000000000000,,YUCATAN,Q11682780,II distrito electoral federal de Yucatan,2nd federal electoral district of Yucatan,country:mx/state:yuc,country:mx/state:yuc/fed:2
3,3.000000000000000,31.0,3.0,7,0.000000000000000,,YUCATAN,Q7784849,III distrito electoral federal de Yucatan,3rd federal electoral district of Yucatan,country:mx/state:yuc,country:mx/state:yuc/fed:3
4,4.000000000000000,31.0,4.0,7,0.000000000000000,,YUCATAN,Q5476088,IV distrito electoral federal de Yucatan,4th federal electoral district of Yucatan,country:mx/state:yuc,country:mx/state:yuc/fed:4
5,5.000000000000000,31.0,5.0,9,0.000000000000000,,YUCATAN,Q5447517,V distrito electoral federal de Yucatan,5th federal electoral district of Yucatan,country:mx/state:yuc,country:mx/state:yuc/fed:5
1,1.000000000000000,32.0,1.0,4,0.000000000000000,,ZACATECAS,Q5907485,I distrito electoral federal de Zacatecas,1st federal electoral district of Zacatecas,country:mx/state:zac,country:mx/state:zac/fed:1
2,2.000000000000000,32.0,2.0,4,0.000000000000000,,ZACATECAS,Q5906975,II distrito electoral federal de Zacatecas,2nd federal electoral district of Zacatecas,country:mx/state:zac,country:mx/state:zac/fed:2
3,3.000000000000000,32.0,3.0,3,0.000000000000000,,ZACATECAS,Q5906884,III distrito electoral federal de Zacatecas,3rd federal electoral district of Zacatecas,country:mx/state:zac,country:mx/state:zac/fed:3
4,4.000000000000000,32.0,4.0,3,0.000000000000000,,ZACATECAS,Q5816427,IV distrito electoral federal de Zacatecas,4th federal electoral district of Zacatecas,country:mx/state:zac,country:mx/state:zac/fed:4
